time,tickets,zip,city,state,latitude,longitude,timezone,dst
8/17/2015 19:23:33,2,11211,Brooklyn,NY,40.71209,-73.95427,-5.0,1.0
8/17/2015 19:28:10,2,45214,Cincinnati,OH,39.12056,-84.53575,-5.0,1.0
8/17/2015 19:28:32,1,44121,Cleveland,OH,41.526151,-81.53309,-5.0,1.0
8/17/2015 19:28:55,3,07701,Red Bank,NJ,40.352953,-74.07703000000001,-5.0,1.0
8/17/2015 19:31:10,1,13502,Utica,NY,43.114519,-75.22284,-5.0,1.0
8/17/2015 19:31:55,1,80401,Golden,CO,39.735745,-105.19337,-7.0,1.0
8/17/2015 19:32:19,1,12203,Albany,NY,42.678112,-73.82983,-5.0,1.0
8/17/2015 19:32:53,4,07003,Bloomfield,NJ,40.803000000000004,-74.18895,-5.0,1.0
8/17/2015 19:33:28,3,10012,New York,NY,40.72596,-73.99834,-5.0,1.0
8/17/2015 19:35:12,1,44122,Beachwood,OH,41.472881,-81.52209,-5.0,1.0
8/17/2015 19:35:38,4,29212,Columbia,SC,34.075611,-81.17611,-5.0,1.0
8/17/2015 19:41:19,2,05261,Pownal,VT,42.776384,-73.21395,-5.0,1.0
8/17/2015 19:44:18,4,12345,Schenectady,NY,42.833261,-74.058015,-5.0,1.0
8/17/2015 19:54:39,1,28117,Mooresville,NC,35.571827,-80.89228,-5.0,1.0
8/17/2015 20:11:00,3,18974,Warminster,PA,40.211240999999994,-75.0887,-5.0,1.0
8/17/2015 20:25:28,1,29483,Summerville,SC,33.034586,-80.18599,-5.0,1.0
8/17/2015 20:26:55,5,10011,New York,NY,40.741012,-74.00012,-5.0,1.0
8/17/2015 20:29:23,2,17120,Harrisburg,PA,40.265689,-76.882745,-5.0,1.0
8/17/2015 20:29:31,1,10003,New York,NY,40.732509,-73.98935,-5.0,1.0
8/17/2015 20:30:09,3,19146,Philadelphia,PA,39.938512,-75.18066999999999,-5.0,1.0
8/17/2015 20:30:10,1,11215,Brooklyn,NY,40.667508000000005,-73.9856,-5.0,1.0
8/17/2015 20:31:53,2,14201,Buffalo,NY,42.896407,-78.88515,-5.0,1.0
8/17/2015 20:31:59,2,14607,Rochester,NY,43.149863,-77.58962,-5.0,1.0
8/17/2015 20:32:05,1,60641,Chicago,IL,41.946431,-87.74576,-6.0,1.0
8/17/2015 20:36:13,2,18705,Wilkes Barre,PA,41.268231,-75.84569,-5.0,1.0
8/17/2015 20:36:33,1,90027,Los Angeles,CA,34.111208000000005,-118.28842,-8.0,1.0
8/17/2015 20:37:10,3,11215,Brooklyn,NY,40.667508000000005,-73.9856,-5.0,1.0
8/17/2015 20:40:16,5,92011,,,,,,
8/17/2015 20:40:31,5,16057,Slippery Rock,PA,41.047157,-80.05506,-5.0,1.0
8/17/2015 20:40:52,5,15055,Lawrence,PA,40.304019,-80.12246,-5.0,1.0
8/17/2015 20:43:27,2,20137,Broad Run,VA,38.810629,-77.7057,-5.0,1.0
8/17/2015 20:43:49,2,02891,Westerly,RI,41.354881,-71.80386999999999,-5.0,1.0
8/17/2015 20:43:51,1,94117,San Francisco,CA,37.770936999999996,-122.44276,-8.0,1.0
8/17/2015 20:51:00,1,10009,New York,NY,40.727092999999996,-73.97864,-5.0,1.0
8/17/2015 20:51:48,1,46563,Plymouth,IN,41.347159000000005,-86.32023000000001,-5.0,0.0
8/17/2015 20:57:15,5,07005,Boonton,NJ,40.912797999999995,-74.41516,-5.0,1.0
8/17/2015 20:57:16,3,02446,Brookline,MA,42.344747,-71.12141,-5.0,1.0
8/17/2015 20:59:18,1,14222,Buffalo,NY,42.917657,-78.8779,-5.0,1.0
8/17/2015 20:59:30,1,01610,Worcester,MA,42.248492999999996,-71.80793,-5.0,1.0
8/17/2015 21:01:49,1,05401,Burlington,VT,44.484038,-73.22126,-5.0,1.0
8/17/2015 21:02:50,2,19125,Philadelphia,PA,39.978162,-75.12565,-5.0,1.0
8/17/2015 21:03:42,2,30116,Carrollton,GA,33.560454,-85.02254,-5.0,1.0
8/17/2015 21:06:32,1,60641,Chicago,IL,41.946431,-87.74576,-6.0,1.0
8/17/2015 21:06:37,1,60641,Chicago,IL,41.946431,-87.74576,-6.0,1.0
8/17/2015 21:07:12,1,05401,Burlington,VT,44.484038,-73.22126,-5.0,1.0
8/17/2015 21:07:19,1,06516,West Haven,CT,41.272147,-72.96495999999999,-5.0,1.0
8/17/2015 21:10:26,2,62903,Carbondale,IL,37.758646,-89.41583100000001,-6.0,1.0
8/17/2015 21:11:13,2,28803,Asheville,NC,35.54179,-82.52306999999999,-5.0,1.0
8/17/2015 21:21:02,1,07719,Belmar,NJ,40.175357,-74.04694,-5.0,1.0
8/17/2015 21:21:06,2,11211,Brooklyn,NY,40.71209,-73.95427,-5.0,1.0
8/17/2015 21:26:46,2,05462,Huntington,VT,44.304004,-72.97999,-5.0,1.0
8/17/2015 21:27:13,2,08867,Pittstown,NJ,40.583034999999995,-74.96224000000001,-5.0,1.0
8/17/2015 21:27:50,1,10026,New York,NY,40.802853000000006,-73.95470999999999,-5.0,1.0
8/17/2015 21:28:45,4,83001,Jackson,WY,43.468383,-110.75713999999999,-7.0,1.0
8/17/2015 21:34:00,2,11201,Brooklyn,NY,40.695285999999996,-73.98907,-5.0,1.0
8/17/2015 21:48:25,4,40004,Bardstown,KY,37.81109,-85.46164,-5.0,1.0
8/17/2015 21:48:54,2,44070,North Olmsted,OH,41.415096999999996,-81.91436,-5.0,1.0
8/17/2015 21:48:58,1,03782,Sunapee,NH,43.381133,-72.09028,-5.0,1.0
8/17/2015 21:49:39,1,01453,Leominster,MA,42.526523,-71.75358,-5.0,1.0
8/17/2015 21:49:56,1,92587,Sun City,CA,33.692876,-117.25038,-8.0,1.0
8/17/2015 21:50:31,1,21093,Lutherville Timonium,MD,39.435789,-76.63614,-5.0,1.0
8/17/2015 21:51:09,4,44107,Lakewood,OH,41.480881,-81.80036,-5.0,1.0
8/17/2015 21:52:48,3,17857,Northumberland,PA,40.899361,-76.78947,-5.0,1.0
8/17/2015 21:52:50,3,93103,Santa Barbara,CA,34.428191,-119.68412,-8.0,1.0
8/17/2015 21:56:06,1,44105,Cleveland,OH,41.450602,-81.62216,-5.0,1.0
8/17/2015 21:56:20,1,06484,Shelton,CT,41.306396,-73.1292,-5.0,1.0
8/17/2015 21:56:25,1,14607,Rochester,NY,43.149863,-77.58962,-5.0,1.0
8/17/2015 21:56:29,2,48221,Detroit,MI,42.426786,-83.14969,-5.0,1.0
8/17/2015 21:57:05,1,14150,Tonawanda,NY,43.001907,-78.8631,-5.0,1.0
8/17/2015 21:58:20,1,19123,Philadelphia,PA,39.964012,-75.14764,-5.0,1.0
8/17/2015 22:03:04,1,80219,Denver,CO,39.698137,-105.03483,-7.0,1.0
8/17/2015 22:05:40,1,19125,Philadelphia,PA,39.978162,-75.12565,-5.0,1.0
8/17/2015 22:06:55,1,12054,Delmar,NY,42.614979,-73.84085999999999,-5.0,1.0
8/17/2015 22:07:19,1,75252,Dallas,TX,32.998132,-96.79088,-6.0,1.0
8/17/2015 22:10:22,2,02830,Harrisville,RI,41.976659000000005,-71.64969,-5.0,1.0
8/17/2015 22:13:21,1,98112,Seattle,WA,47.629653000000005,-122.29751999999999,-8.0,1.0
8/17/2015 22:13:27,3,13057,East Syracuse,NY,43.074265999999994,-76.05538,-5.0,1.0
8/17/2015 22:15:02,2,10514,Chappaqua,NY,41.167455,-73.77597,-5.0,1.0
8/17/2015 22:15:52,1,33602,Tampa,FL,27.956149,-82.45723000000001,-5.0,1.0
8/17/2015 22:16:05,1,97219,Portland,OR,45.45867,-122.70611000000001,-8.0,1.0
8/17/2015 22:16:12,1,22314,Alexandria,VA,38.806163,-77.05139,-5.0,1.0
8/17/2015 22:18:34,1,12308,Schenectady,NY,42.820909,-73.92002,-5.0,1.0
8/17/2015 22:22:49,1,45069,West Chester,OH,39.343757000000004,-84.40249,-5.0,1.0
8/17/2015 22:25:25,1,04473,Orono,ME,44.889249,-68.68177,-5.0,1.0
8/17/2015 22:31:44,2,13152,Skaneateles,NY,42.897166999999996,-76.38963000000001,-5.0,1.0
8/17/2015 22:33:19,2,60640,Chicago,IL,41.973181,-87.6665,-6.0,1.0
8/17/2015 22:36:37,1,28205,Charlotte,NC,35.222406,-80.79221,-5.0,1.0
8/17/2015 22:45:31,5,11211,Brooklyn,NY,40.71209,-73.95427,-5.0,1.0
8/17/2015 22:54:42,5,18972,Upper Black Eddy,PA,40.535227,-75.12642,-5.0,1.0
8/17/2015 22:56:08,2,06512,East Haven,CT,41.276497,-72.87411999999999,-5.0,1.0
8/17/2015 22:56:09,2,22180,Vienna,VA,38.894711,-77.25336999999999,-5.0,1.0
8/17/2015 22:56:56,1,02149,Everett,MA,42.409915999999996,-71.0522,-5.0,1.0
8/17/2015 22:58:34,2,80229,Denver,CO,39.859584999999996,-104.95943,-7.0,1.0
8/17/2015 22:58:52,2,11795,West Islip,NY,40.713459,-73.3001,-5.0,1.0
8/17/2015 22:59:45,1,60448,Mokena,IL,41.536782,-87.88582,-6.0,1.0
8/17/2015 23:01:31,2,05401,Burlington,VT,44.484038,-73.22126,-5.0,1.0
8/17/2015 23:08:53,1,07070,Rutherford,NJ,40.828922,-74.11064,-5.0,1.0
8/17/2015 23:10:06,2,05401,Burlington,VT,44.484038,-73.22126,-5.0,1.0
8/17/2015 23:11:28,1,05676,Waterbury,VT,44.348486,-72.77081,-5.0,1.0
8/17/2015 23:11:31,1,23502,Norfolk,VA,36.855247,-76.21233000000001,-5.0,1.0
8/17/2015 23:11:36,1,53212,Milwaukee,WI,43.072062,-87.9103,-6.0,1.0
8/17/2015 23:11:39,5,05401,Burlington,VT,44.484038,-73.22126,-5.0,1.0
8/17/2015 23:20:07,1,10567,Cortlandt Manor,NY,41.300813,-73.8908,-5.0,1.0
8/17/2015 23:22:04,2,11559,Lawrence,NY,40.615790000000004,-73.73125999999999,-5.0,1.0
8/17/2015 23:23:12,1,10567,Cortlandt Manor,NY,41.300813,-73.8908,-5.0,1.0
8/17/2015 23:28:20,3,07401,Allendale,NJ,41.031504999999996,-74.13409,-5.0,1.0
8/17/2015 23:28:34,5,53005,Brookfield,WI,43.060871999999996,-88.09478,-6.0,1.0
8/17/2015 23:30:16,2,04101,Portland,ME,43.660525,-70.25862,-5.0,1.0
8/17/2015 23:30:26,1,70124,New Orleans,LA,30.006003000000003,-90.10947,-6.0,1.0
8/17/2015 23:31:57,1,06403,Beacon Falls,CT,41.432936,-73.06453,-5.0,1.0
8/17/2015 23:31:59,1,70124,New Orleans,LA,30.006003000000003,-90.10947,-6.0,1.0
8/17/2015 23:32:29,1,70124,New Orleans,LA,30.006003000000003,-90.10947,-6.0,1.0
8/17/2015 23:32:43,2,80232,Denver,CO,39.690387,-105.08866,-7.0,1.0
8/17/2015 23:35:15,1,11796,West Sayville,NY,40.731953999999995,-73.10081,-5.0,1.0
8/17/2015 23:35:18,2,10001,New York,NY,40.750741999999995,-73.99653,-5.0,1.0
8/17/2015 23:40:26,1,18974,Warminster,PA,40.211240999999994,-75.0887,-5.0,1.0
8/17/2015 23:42:43,5,92118,Coronado,CA,32.682727,-117.17441000000001,-8.0,1.0
8/17/2015 23:42:59,5,92117,San Diego,CA,32.823865000000005,-117.19966000000001,-8.0,1.0
8/17/2015 23:43:16,5,92112,San Diego,CA,33.016928,-116.846046,-8.0,1.0
8/17/2015 23:43:31,5,90210,Beverly Hills,CA,34.088808,-118.40612,-8.0,1.0
8/17/2015 23:43:44,5,16001,Butler,PA,40.877664,-79.9113,-5.0,1.0
8/17/2015 23:44:02,5,10001,New York,NY,40.750741999999995,-73.99653,-5.0,1.0
8/17/2015 23:44:16,5,10002,New York,NY,40.717040000000004,-73.987,-5.0,1.0
8/17/2015 23:48:53,3,14617,Rochester,NY,43.223213,-77.59721,-5.0,1.0
8/17/2015 23:50:03,1,02114,Boston,MA,42.361792,-71.06774,-5.0,1.0
8/17/2015 23:50:33,2,13694,Waddington,NY,44.866754,-75.17201,-5.0,1.0
8/17/2015 23:50:38,1,19083,Havertown,PA,39.978728000000004,-75.30861,-5.0,1.0
8/17/2015 23:52:29,5,10024,New York,NY,40.786387,-73.97709,-5.0,1.0
8/17/2015 23:53:14,2,19971,Rehoboth Beach,DE,38.711512,-75.09676999999999,-5.0,1.0
8/17/2015 23:53:23,1,16801,State College,PA,40.792010999999995,-77.84993,-5.0,1.0
8/17/2015 23:53:39,2,06016,Broad Brook,CT,41.909096999999996,-72.54393,-5.0,1.0
8/17/2015 23:53:50,2,48212,Hamtramck,MI,42.410037,-83.05826,-5.0,1.0
8/17/2015 23:54:39,4,07830,Califon,NJ,40.723778,-74.81866,-5.0,1.0
8/17/2015 23:55:02,1,11201,Brooklyn,NY,40.695285999999996,-73.98907,-5.0,1.0
8/17/2015 23:55:11,2,37920,Knoxville,TN,35.923517,-83.89041999999999,-5.0,1.0
8/17/2015 23:56:26,2,17752,Montgomery,PA,41.173254,-76.88449,-5.0,1.0
8/17/2015 23:56:36,1,08802,Asbury,NJ,40.661172,-75.0321,-5.0,1.0
8/17/2015 23:56:41,4,10002,New York,NY,40.717040000000004,-73.987,-5.0,1.0
8/17/2015 23:56:57,2,43229,Columbus,OH,40.085313,-82.97326,-5.0,1.0
8/17/2015 23:57:31,2,59715,Bozeman,MT,45.707153000000005,-110.9878,-7.0,1.0
8/17/2015 23:57:37,2,02840,Newport,RI,41.488002,-71.31262,-5.0,1.0
8/17/2015 23:58:02,2,19123,Philadelphia,PA,39.964012,-75.14764,-5.0,1.0
8/18/2015 0:00:19,4,07920,Basking Ridge,NJ,40.6789,-74.57039,-5.0,1.0
8/18/2015 0:00:08,2,85234,Gilbert,AZ,33.363440000000004,-111.75093000000001,-7.0,0.0
8/18/2015 0:00:44,3,02556,North Falmouth,MA,41.6403,-70.63036,-5.0,1.0
8/18/2015 0:01:44,2,80302,Boulder,CO,40.020885,-105.29673000000001,-7.0,1.0
8/18/2015 0:01:50,1,07640,Harrington Park,NJ,40.989357,-73.97958,-5.0,1.0
8/18/2015 0:01:52,2,11365,Fresh Meadows,NY,40.738983000000005,-73.79209,-5.0,1.0
8/18/2015 0:02:30,3,07921,Bedminster,NJ,40.652301,-74.653,-5.0,1.0
8/18/2015 0:02:46,3,07921,Bedminster,NJ,40.652301,-74.653,-5.0,1.0
8/18/2015 0:03:03,1,01201,Pittsfield,MA,42.45384,-73.25399999999999,-5.0,1.0
8/18/2015 0:04:10,1,94116,San Francisco,CA,37.743381,-122.48578,-8.0,1.0
8/18/2015 0:05:51,5,10024,New York,NY,40.786387,-73.97709,-5.0,1.0
8/18/2015 0:06:06,5,10024,New York,NY,40.786387,-73.97709,-5.0,1.0
8/18/2015 0:06:31,2,60657,Chicago,IL,41.940832,-87.65852,-6.0,1.0
8/18/2015 0:08:50,1,14094,Lockport,NY,43.160857,-78.68755999999999,-5.0,1.0
8/18/2015 0:09:25,3,44511,Youngstown,OH,41.069158,-80.69134,-5.0,1.0
8/18/2015 0:10:06,2,14472,Honeoye Falls,NY,42.964593,-77.5919,-5.0,1.0
8/18/2015 0:10:34,2,13319,Chadwicks,NY,43.029669,-75.27211,-5.0,1.0
8/18/2015 0:10:40,2,14472,Honeoye Falls,NY,42.964593,-77.5919,-5.0,1.0
8/18/2015 0:11:29,2,19608,Reading,PA,40.312841999999996,-76.02422,-5.0,1.0
8/18/2015 0:12:36,1,14420,Brockport,NY,43.214261,-77.93937,-5.0,1.0
8/18/2015 0:13:20,2,60657,Chicago,IL,41.940832,-87.65852,-6.0,1.0
8/18/2015 0:13:22,2,34698,Dunedin,FL,28.025395,-82.77534,-5.0,1.0
8/18/2015 0:14:32,1,11217,Brooklyn,NY,40.68209,-73.97783000000001,-5.0,1.0
8/18/2015 0:17:02,4,29550,Hartsville,SC,34.386728000000005,-80.08256,-5.0,1.0
8/18/2015 0:17:44,5,07435,Newfoundland,NJ,41.045897,-74.43677,-5.0,1.0
8/18/2015 0:18:28,1,02842,Middletown,RI,41.511739,-71.28658,-5.0,1.0
8/18/2015 0:18:37,1,11598,Woodmere,NY,40.633103000000006,-73.71404,-5.0,1.0
8/18/2015 0:18:54,1,07950,Morris Plains,NJ,40.842399,-74.48223,-5.0,1.0
8/18/2015 0:19:26,1,02052,Medfield,MA,42.185571,-71.30476,-5.0,1.0
8/18/2015 0:20:29,2,19146,Philadelphia,PA,39.938512,-75.18066999999999,-5.0,1.0
8/18/2015 0:20:34,4,10128,New York,NY,40.781894,-73.95039,-5.0,1.0
8/18/2015 0:21:43,1,32304,Tallahassee,FL,30.446765999999997,-84.32394000000001,-5.0,1.0
8/18/2015 0:22:14,2,00001,,,,,,
8/18/2015 0:23:17,2,05751,Killington,VT,43.659839,-72.79419,-5.0,1.0
8/18/2015 0:24:47,2,05401,Burlington,VT,44.484038,-73.22126,-5.0,1.0
8/18/2015 0:26:15,5,07760,Rumson,NJ,40.369145,-73.99576,-5.0,1.0
8/18/2015 0:28:46,2,07481,Wyckoff,NJ,40.998583,-74.1671,-5.0,1.0
8/18/2015 0:31:51,1,94941,Mill Valley,CA,37.898058,-122.54133999999999,-8.0,1.0
8/18/2015 0:32:52,2,10036,New York,NY,40.759510999999996,-73.99019,-5.0,1.0
8/18/2015 0:35:05,1,05468,Milton,VT,44.641974,-73.13469,-5.0,1.0
8/18/2015 0:35:10,1,05452,Essex Junction,VT,44.501991,-73.09376,-5.0,1.0
8/18/2015 0:39:24,2,01923,Danvers,MA,42.569756,-70.94322,-5.0,1.0
8/18/2015 0:43:36,1,07675,Westwood,NJ,40.99904,-74.03291,-5.0,1.0
8/18/2015 0:50:40,2,07481,Wyckoff,NJ,40.998583,-74.1671,-5.0,1.0
8/18/2015 0:56:22,2,19083,Havertown,PA,39.978728000000004,-75.30861,-5.0,1.0
8/18/2015 0:59:04,1,00001,,,,,,
8/18/2015 1:02:22,2,80111,Englewood,CO,39.610431,-104.88139,-7.0,1.0
8/18/2015 1:14:29,1,11233,Brooklyn,NY,40.676938,-73.91858,-5.0,1.0
8/18/2015 1:20:35,4,23464,Virginia Beach,VA,36.799284,-76.17766999999999,-5.0,1.0
8/18/2015 1:27:33,1,32304,Tallahassee,FL,30.446765999999997,-84.32394000000001,-5.0,1.0
8/18/2015 1:50:24,2,94117,San Francisco,CA,37.770936999999996,-122.44276,-8.0,1.0
8/18/2015 1:53:57,1,30041,Cumming,GA,34.201503,-84.09764,-5.0,1.0
8/18/2015 2:17:05,3,23188,Williamsburg,VA,37.322936,-76.75793,-5.0,1.0
8/18/2015 2:26:35,1,03904,Kittery,ME,43.101538,-70.73611,-5.0,1.0
8/18/2015 3:19:46,3,97206,Portland,OR,45.482341,-122.60007,-8.0,1.0
8/18/2015 6:03:32,2,05701,Rutland,VT,43.617302,-72.96325,-5.0,1.0
8/18/2015 6:08:22,2,07410,Fair Lawn,NJ,40.933943,-74.11671,-5.0,1.0
8/18/2015 6:16:02,1,12852,Newcomb,NY,43.972307,-74.15321,-5.0,1.0
8/18/2015 6:18:54,1,90210,Beverly Hills,CA,34.088808,-118.40612,-8.0,1.0
8/18/2015 6:46:56,2,14901,Elmira,NY,42.091924,-76.79217,-5.0,1.0
8/18/2015 6:55:07,1,13031,Camillus,NY,43.039916,-76.28757,-5.0,1.0
8/18/2015 7:05:45,2,12866,Saratoga Springs,NY,43.080399,-73.77038,-5.0,1.0
8/18/2015 7:12:21,1,10166,New York,NY,40.754591,-73.976238,-5.0,1.0
8/18/2015 7:14:16,2,02559,Pocasset,MA,41.694132,-70.61706,-5.0,1.0
8/18/2015 7:14:51,2,02559,Pocasset,MA,41.694132,-70.61706,-5.0,1.0
8/18/2015 7:16:23,1,03256,New Hampton,NH,43.60768,-71.64372,-5.0,1.0
8/18/2015 7:17:43,3,17121,Harrisburg,PA,40.294396,-76.893751,-5.0,1.0
8/18/2015 7:18:47,2,28409,Wilmington,NC,34.169953,-77.87113000000001,-5.0,1.0
8/18/2015 7:26:23,2,05462,Huntington,VT,44.304004,-72.97999,-5.0,1.0
8/18/2015 7:31:02,2,05465,Jericho,VT,44.486113,-72.96316999999999,-5.0,1.0
8/18/2015 7:32:45,2,07960,Morristown,NJ,40.79215,-74.48559,-5.0,1.0
8/18/2015 7:49:49,1,02888,Warwick,RI,41.74805,-71.40982,-5.0,1.0
8/18/2015 7:52:40,1,14617,Rochester,NY,43.223213,-77.59721,-5.0,1.0
8/18/2015 7:58:57,2,02644,Forestdale,MA,41.683462,-70.51210999999999,-5.0,1.0
8/18/2015 7:59:34,1,06401,Ansonia,CT,41.342690000000005,-73.07446,-5.0,1.0
8/18/2015 8:01:15,1,45891,Van Wert,OH,40.874092,-84.57871,-5.0,1.0
8/18/2015 8:05:43,2,20009,Washington,DC,38.919211,-77.03777,-5.0,1.0
8/18/2015 8:07:53,1,14222,Buffalo,NY,42.917657,-78.8779,-5.0,1.0
8/18/2015 8:08:06,1,14424,Canandaigua,NY,42.85297,-77.29466,-5.0,1.0
8/18/2015 8:13:15,3,19030,Fairless Hills,PA,40.175504,-74.84611,-5.0,1.0
8/18/2015 8:14:18,2,07735,Keyport,NJ,40.439714,-74.19374,-5.0,1.0
8/18/2015 8:24:04,1,14150,Tonawanda,NY,43.001907,-78.8631,-5.0,1.0
8/18/2015 8:24:33,1,10016,New York,NY,40.746179999999995,-73.97759,-5.0,1.0
8/18/2015 8:29:05,1,10014,New York,NY,40.734718,-74.00532,-5.0,1.0
8/18/2015 8:42:05,1,05404,Winooski,VT,44.494999,-73.18259,-5.0,1.0
8/18/2015 8:53:02,1,80202,Denver,CO,39.751585999999996,-104.99699,-7.0,1.0
8/18/2015 8:55:18,3,19106,Philadelphia,PA,39.951062,-75.14589000000001,-5.0,1.0
8/18/2015 8:57:33,1,14043,Depew,NY,42.904958,-78.7006,-5.0,1.0
8/18/2015 9:00:42,2,11101,Long Island City,NY,40.745340999999996,-73.93907,-5.0,1.0
8/18/2015 9:00:46,2,10024,New York,NY,40.786387,-73.97709,-5.0,1.0
8/18/2015 9:01:47,1,12065,Clifton Park,NY,42.853676,-73.78445,-5.0,1.0
8/18/2015 9:02:24,1,08807,Bridgewater,NJ,40.588097,-74.62253,-5.0,1.0
8/18/2015 9:03:36,2,33019,Hollywood,FL,26.018967,-80.12231,-5.0,1.0
8/18/2015 9:10:32,1,11101,Long Island City,NY,40.745340999999996,-73.93907,-5.0,1.0
8/18/2015 9:25:15,2,20007,Washington,DC,38.913961,-77.07179000000001,-5.0,1.0
8/18/2015 9:25:41,1,18901,Doylestown,PA,40.317473,-75.12854,-5.0,1.0
8/18/2015 9:25:56,1,02726,Somerset,MA,41.754828,-71.14894,-5.0,1.0
8/18/2015 9:27:13,2,200006,,,,,,
8/18/2015 9:43:22,4,11552,West Hempstead,NY,40.6949,-73.65394,-5.0,1.0
8/18/2015 9:56:07,1,47374,Richmond,IN,39.831061,-84.89067,-5.0,0.0
8/18/2015 9:58:54,1,06412,Chester,CT,41.408775,-72.47213,-5.0,1.0
8/18/2015 10:02:18,1,12308,Schenectady,NY,42.820909,-73.92002,-5.0,1.0
8/18/2015 10:18:55,1,07936,East Hanover,NJ,40.820012,-74.36474,-5.0,1.0
8/18/2015 10:24:03,1,05408,,,,,,
8/18/2015 10:26:25,1,01757,Milford,MA,42.149176000000004,-71.52149,-5.0,1.0
8/18/2015 10:31:24,4,06610,Bridgeport,CT,41.202090999999996,-73.1708,-5.0,1.0
8/18/2015 11:05:49,1,11201,Brooklyn,NY,40.695285999999996,-73.98907,-5.0,1.0
8/18/2015 11:24:40,5,12054,Delmar,NY,42.614979,-73.84085999999999,-5.0,1.0
8/18/2015 11:25:55,1,02554,Nantucket,MA,41.276758,-70.09089,-5.0,1.0
8/18/2015 11:34:40,2,10026,New York,NY,40.802853000000006,-73.95470999999999,-5.0,1.0
8/18/2015 11:35:03,2,27601,Raleigh,NC,35.774451,-78.63274,-5.0,1.0
8/18/2015 11:37:53,2,07821,Andover,NJ,40.966308000000005,-74.74298,-5.0,1.0
8/18/2015 11:55:01,1,11222,Brooklyn,NY,40.726302000000004,-73.94559,-5.0,1.0
8/18/2015 12:31:40,1,10024,New York,NY,40.786387,-73.97709,-5.0,1.0
8/18/2015 12:00:21,3,00001,,,,,,
8/18/2015 12:18:48,1,60647,Chicago,IL,41.921126,-87.70085,-6.0,1.0
8/18/2015 12:57:50,2,11205,Brooklyn,NY,40.694214,-73.96529,-5.0,1.0
8/18/2015 13:04:02,1,14624,Rochester,NY,43.127195,-77.72465,-5.0,1.0
8/18/2015 13:11:51,2,90275,Rancho Palos Verdes,CA,33.758216,-118.36425,-8.0,1.0
8/18/2015 13:29:12,1,32266,Neptune Beach,FL,30.316640999999997,-81.40308,-5.0,1.0
8/18/2015 13:58:40,1,10960,Nyack,NY,41.089746000000005,-73.9258,-5.0,1.0
8/18/2015 15:30:16,1,07677,Woodcliff Lake,NJ,41.025101,-74.059762,-5.0,1.0
8/18/2015 15:35:58,2,11216,Brooklyn,NY,40.680398,-73.94824,-5.0,1.0
8/18/2015 15:36:07,2,11249,Brooklyn,NY,40.645099,-73.945032,-5.0,1.0
8/18/2015 15:37:10,1,00001,,,,,,
8/18/2015 15:38:58,4,02090,Westwood,MA,42.212949,-71.20735,-5.0,1.0
8/18/2015 15:39:20,4,06824,Fairfield,CT,41.163879,-73.265744,-5.0,1.0
8/18/2015 15:39:23,5,02110,Boston,MA,42.356532,-71.05365,-5.0,1.0
8/18/2015 15:42:18,2,06460,Milford,CT,41.21953,-73.0554,-5.0,1.0
8/18/2015 15:43:15,2,11530,Garden City,NY,40.725257,-73.64056,-5.0,1.0
8/18/2015 15:43:47,1,48103,Ann Arbor,MI,42.280887,-83.79146999999999,-5.0,1.0
8/18/2015 15:43:55,1,96825,Honolulu,HI,21.2946,-157.69721,-10.0,0.0
8/18/2015 15:46:24,1,97214,Portland,OR,45.51379,-122.6458,-8.0,1.0
8/18/2015 15:46:38,5,21286,Towson,MD,39.399639,-76.58418,-5.0,1.0
8/18/2015 15:47:27,1,59716,Big Sky,MT,45.268367,-111.32651000000001,-7.0,1.0
8/18/2015 15:48:33,2,11102,Astoria,NY,40.771285999999996,-73.92461999999999,-5.0,1.0
8/18/2015 16:15:15,5,58052,Leonard,ND,46.650902,-97.28313,-6.0,1.0
8/18/2015 16:53:26,1,43229,Columbus,OH,40.085313,-82.97326,-5.0,1.0
8/18/2015 17:03:37,4,08003,Cherry Hill,NJ,39.879713,-74.9719,-5.0,1.0
8/18/2015 18:47:48,5,90210,Beverly Hills,CA,34.088808,-118.40612,-8.0,1.0
8/18/2015 18:58:42,1,01532,Northborough,MA,42.321917,-71.64692,-5.0,1.0
8/18/2015 19:03:54,2,01938,Ipswich,MA,42.682965,-70.84007,-5.0,1.0
8/18/2015 20:42:57,2,28806,Asheville,NC,35.575877,-82.6062,-5.0,1.0
8/18/2015 20:53:46,1,13027,Baldwinsville,NY,43.165134,-76.33901,-5.0,1.0
8/18/2015 22:11:26,1,12155,Schenevus,NY,42.587708,-74.83536,-5.0,1.0
8/18/2015 22:12:27,2,02169,Quincy,MA,42.250739,-70.99593,-5.0,1.0
8/18/2015 22:15:51,2,05682,Worcester,VT,44.383559000000005,-72.55088,-5.0,1.0
8/18/2015 22:39:19,1,10583,Scarsdale,NY,40.98845,-73.79715999999999,-5.0,1.0
8/18/2015 22:44:52,2,25427,Hedgesville,WV,39.540636,-78.05882,-5.0,1.0
8/18/2015 22:52:27,1,48221,Detroit,MI,42.426786,-83.14969,-5.0,1.0
8/18/2015 23:43:40,1,12866,Saratoga Springs,NY,43.080399,-73.77038,-5.0,1.0
8/19/2015 0:04:02,4,02332,Duxbury,MA,42.031371,-70.70105,-5.0,1.0
8/19/2015 0:09:36,5,04988,Unity,ME,44.605090000000004,-69.33022,-5.0,1.0
8/19/2015 0:11:03,1,14623,Rochester,NY,43.087613,-77.6352,-5.0,1.0
8/19/2015 2:10:46,1,11106,Astoria,NY,40.762012,-73.93146999999999,-5.0,1.0
8/19/2015 5:03:05,2,38652,New Albany,MS,34.489084999999996,-88.99973,-6.0,1.0
8/19/2015 6:26:28,2,28806,Asheville,NC,35.575877,-82.6062,-5.0,1.0
8/19/2015 6:58:00,1,14450,Fairport,NY,43.091714,-77.43483,-5.0,1.0
8/19/2015 7:29:55,1,14222,Buffalo,NY,42.917657,-78.8779,-5.0,1.0
8/19/2015 7:41:20,2,18655,Shickshinny,PA,41.184222999999996,-76.19360999999999,-5.0,1.0
8/19/2015 7:53:49,2,78704,Austin,TX,30.246309000000004,-97.76087,-6.0,1.0
8/19/2015 8:20:51,1,25443,Shepherdstown,WV,39.434478999999996,-77.81132,-5.0,1.0
8/19/2015 8:27:48,1,20002,Washington,DC,38.901811,-76.99096999999999,-5.0,1.0
8/19/2015 8:29:04,2,20015,Washington,DC,38.96516,-77.06737,-5.0,1.0
8/19/2015 8:56:33,2,19460,Phoenixville,PA,40.126271,-75.52341,-5.0,1.0
8/19/2015 9:24:00,2,48910,Lansing,MI,42.704435,-84.54915,-5.0,1.0
8/19/2015 9:46:48,2,13601,Watertown,NY,43.976735,-75.91199,-5.0,1.0
8/19/2015 9:47:02,1,11233,Brooklyn,NY,40.676938,-73.91858,-5.0,1.0
